{
    "openapi": "3.0.0",
    "info": {
        "title": "Hải Đăng Meta API",
        "description": "API Documentation for Hải Đăng Meta - E-commerce platform for digital products",
        "contact": {
            "email": "support@haidangmeta.com"
        },
        "version": "1.0.0"
    },
    "servers": [
        {
            "url": "http://localhost:8000",
            "description": "API Server"
        }
    ],
    "paths": {
        "/api/v1/register": {
            "post": {
                "tags": [
                    "Authentication"
                ],
                "summary": "Register a new user",
                "operationId": "ad77fe138bcb384ad65d167d5c8d1cc0",
                "requestBody": {
                    "required": true,
                    "content": {
                        "application/json": {
                            "schema": {
                                "required": [
                                    "name",
                                    "email",
                                    "password",
                                    "password_confirmation"
                                ],
                                "properties": {
                                    "name": {
                                        "type": "string",
                                        "example": "John Doe"
                                    },
                                    "email": {
                                        "type": "string",
                                        "format": "email",
                                        "example": "user@example.com"
                                    },
                                    "password": {
                                        "type": "string",
                                        "format": "password",
                                        "minLength": 6,
                                        "example": "password123"
                                    },
                                    "password_confirmation": {
                                        "type": "string",
                                        "format": "password",
                                        "example": "password123"
                                    }
                                },
                                "type": "object"
                            }
                        }
                    }
                },
                "responses": {
                    "201": {
                        "description": "User registered successfully",
                        "content": {
                            "application/json": {
                                "schema": {
                                    "properties": {
                                        "user": {
                                            "type": "object"
                                        }
                                    },
                                    "type": "object"
                                }
                            }
                        }
                    },
                    "422": {
                        "description": "Validation error"
                    }
                }
            }
        },
        "/api/v1/login": {
            "post": {
                "tags": [
                    "Authentication"
                ],
                "summary": "User login",
                "operationId": "bae68d1c55329ecb6e41f48285840c8f",
                "requestBody": {
                    "required": true,
                    "content": {
                        "application/json": {
                            "schema": {
                                "required": [
                                    "email",
                                    "password"
                                ],
                                "properties": {
                                    "email": {
                                        "type": "string",
                                        "format": "email",
                                        "example": "user@example.com"
                                    },
                                    "password": {
                                        "type": "string",
                                        "format": "password",
                                        "example": "password123"
                                    },
                                    "remember": {
                                        "type": "boolean",
                                        "example": false
                                    }
                                },
                                "type": "object"
                            }
                        }
                    }
                },
                "responses": {
                    "200": {
                        "description": "Login successful",
                        "content": {
                            "application/json": {
                                "schema": {
                                    "properties": {
                                        "user": {
                                            "type": "object"
                                        }
                                    },
                                    "type": "object"
                                }
                            }
                        }
                    },
                    "422": {
                        "description": "Validation error"
                    },
                    "401": {
                        "description": "Invalid credentials"
                    }
                }
            }
        }
    },
    "components": {
        "securitySchemes": {
            "sanctum": {
                "type": "http",
                "scheme": "bearer",
                "bearerFormat": "JWT"
            }
        }
    },
    "tags": [
        {
            "name": "Authentication",
            "description": "User authentication endpoints"
        }
    ],
    "security": [
        {
            "sanctum": []
        }
    ]
}