name,description,short_description,price,regular_price,sale_price,stock,country,category,image_url,is_active,sku,type,on_sale,views,rating,seller_name,seller_email,seller_phone,facebook_page,facebook_url,tiktok_account,tiktok_url,instagram_account,instagram_url,youtube_channel,youtube_url,gmail_contact,outlook_contact,zalo_contact,viber_contact,telegram_contact,website,business_type
"iPhone 15 Pro Max 256GB","Apple iPhone 15 Pro Max với chip A17 Pro siêu mạnh, camera 48MP với khả năng zoom quang học 5x, màn hình Super Retina XDR 6.7 inch, pin 30h, chống nước IP69, thiết bị cao cấp cho những người yêu công nghệ.","iPhone 15 Pro Max - Flagship Apple 2024",29990000,29990000,25990000,45,"Hoa Kỳ","Điện thoại di động","https://haidangmeta.com/images/iphone-15-pro.jpg","yes","IPHONE15PRO256GB001","simple",1,1250,4.8,"Hải Đăng Electronics","haidang.electronics@gmail.com","+84912345678","Hải Đăng Official","https://facebook.com/haidangofficial","haidang_tech","https://tiktok.com/@haidang_tech","haidang.electronics","https://instagram.com/haidang.electronics","Hải Đăng Channel","https://youtube.com/@haidang","haidang.electronics@gmail.com","haidang.electronics@outlook.com","+84912345678","viber://contact?number=%2B84912345678","+84912345678","https://haidangmeta.com","Distributor"
"Samsung Galaxy S24 Ultra 512GB","Samsung Galaxy S24 Ultra với bộ vi xử lý Snapdragon 8 Gen 3 Leading Version, màn hình Dynamic AMOLED 120Hz, camera 200MP chính, pin 5000mAh, sạc nhanh 45W, công nghệ AI Galaxy.","Samsung Galaxy S24 Ultra - Flagship 2024",35990000,35990000,31990000,30,"Hàn Quốc","Điện thoại di động","https://haidangmeta.com/images/samsung-s24-ultra.jpg","yes","SAMSUNG24ULTRA512GB","variable",1,980,4.7,"Samsung Việt Nam","sales@samsungvietnam.com.vn","+842822220000","Samsung Vietnam","https://facebook.com/samsung.vietnam","samsungvietnam","https://tiktok.com/@samsungvietnam","samsungvietnam","https://instagram.com/samsungvietnam","Samsung Vietnam","https://youtube.com/@samsungvietnam","sales@samsungvietnam.com.vn","support@samsung.com.vn","+842822220000","viber://contact?number=%2B842822220000","+842822220000","https://samsung.com/vn","Official Brand"
"MacBook Pro 14 inch M4 Max 32GB","Apple MacBook Pro 14 inch với chip M4 Max, 32GB RAM, 512GB SSD, GPU 20 nhân, thích hợp cho video editor, developer, thiết kế 3D, pin 18h, Thunderbolt 4 ports.","MacBook Pro 14 M4 Max - Professional Laptop",45990000,45990000,42990000,25,"Hoa Kỳ","Máy tính xách tay","https://haidangmeta.com/images/macbook-pro-14-m4.jpg","yes","MACBOOKPRO14M4MAX32GB","simple",1,580,4.9,"Apple Tech Store","appletechstore@gmail.com","+84913456789","Apple Tech Store VN","https://facebook.com/appletech.store","appletechvn","https://tiktok.com/@appletechvn","appletech.store","https://instagram.com/appletech.store","Apple Tech Store","https://youtube.com/@appletechstore","appletechstore@gmail.com","appletechstore@outlook.com","+84913456789","viber://contact?number=%2B84913456789","+84913456789","https://appletechstore.vn","Retailer"
"Sony WH-1000XM5 Đen","Tai nghe chống ôn Sony WH-1000XM5 với công nghệ ANC tốt nhất thị trường, thời lượng pin 30h, âm thanh Hi-Res Audio, LDAC codec, kết nối Bluetooth 5.3, thiết kế premium.","Sony WH-1000XM5 - Premium Headphones",6990000,6990000,5990000,120,"Nhật Bản","Âm thanh","https://haidangmeta.com/images/sony-xm5-black.jpg","yes","SONYXM5BLACK001","simple",1,2100,4.85,"Audio Pro Store","audiopro.store@gmail.com","+84914567890","Audio Pro Official","https://facebook.com/audiostore.pro","audiostore_pro","https://tiktok.com/@audiostore_pro","audiopro.store","https://instagram.com/audiopro.store","Audio Pro Store","https://youtube.com/@audiostore_pro","audiopro.store@gmail.com","audiopro.store@outlook.com","+84914567890","viber://contact?number=%2B84914567890","+84914567890","https://audiostore.vn","Authorized Seller"
"iPad Air 11 inch M2 256GB Xanh","iPad Air 11 inch với chip M2, màn hình Liquid Retina 11 inch, hỗ trợ Apple Pencil Pro, camera 12MP, Wifi 6E, giúp làm việc và giải trí dễ dàng.","iPad Air M2 11\" - Powerful Tablet",14990000,14990000,13490000,40,"Hoa Kỳ","Máy tính bảng","https://haidangmeta.com/images/ipad-air-11-m2-blue.jpg","yes","IPADAIR11M2256GB","simple",0,750,4.75,"Tech Paradise Store","techparadise@gmail.com","+84915678901","Tech Paradise VN","https://facebook.com/techparadise.store","techparadise.vn","https://tiktok.com/@techparadise.vn","techparadise.store","https://instagram.com/techparadise.store","Tech Paradise","https://youtube.com/@techparadise","techparadise@gmail.com","techparadise@outlook.com","+84915678901","viber://contact?number=%2B84915678901","+84915678901","https://techparadise.vn","E-commerce"
"Dell XPS 15 Core i9 RTX 4080 32GB","Laptop Dell XPS 15 với chip Intel Core i9-14900HX, RTX 4080 12GB, 32GB RAM, màn hình 4K OLED 120Hz, thích hợp cho thiết kế 3D, video editing, machine learning.","Dell XPS 15 - Creative Professional Laptop",35990000,35990000,32990000,30,"Hoa Kỳ","Máy tính xách tay","https://haidangmeta.com/images/dell-xps-15-i9.jpg","yes","DELLXPS15I9RTX4080","simple",1,420,4.82,"Dell Pro Store","dellprostore@gmail.com","+84916789012","Dell Pro Store Vietnam","https://facebook.com/dellpro.store","dellprostore.vn","https://tiktok.com/@dellprostore.vn","dellpro.store","https://instagram.com/dellpro.store","Dell Pro Store","https://youtube.com/@dellprostore","dellprostore@gmail.com","dellprostore@outlook.com","+84916789012","viber://contact?number=%2B84916789012","+84916789012","https://dellprostore.vn","Retailer"
"Google Pixel 9 Pro XL 512GB Obsidian","Google Pixel 9 Pro XL với camera AI tốt nhất, chip Tensor G4, màn hình OLED 120Hz, pin 5050mAh, chuyên về AI photography và magic eraser, giải pháp camera thông minh.","Google Pixel 9 Pro XL - AI Camera Phone",18990000,18990000,16990000,75,"Hoa Kỳ","Điện thoại di động","https://haidangmeta.com/images/pixel-9-pro-xl.jpg","yes","PIXEL9PROXL512GB","simple",1,1680,4.7,"Google Store VN","googlestore.vn@gmail.com","+84917890123","Google Store Vietnam","https://facebook.com/googlestore.vn","googlestore.vn","https://tiktok.com/@googlestore.vn","googlestore.vn","https://instagram.com/googlestore.vn","Google Store VN","https://youtube.com/@googlestore.vn","googlestore.vn@gmail.com","googlestore.vn@outlook.com","+84917890123","viber://contact?number=%2B84917890123","+84917890123","https://googlestore.vn","Official Brand"
"Canon EOS R6 Mark II Body Only","Máy ảnh mirrorless Canon EOS R6 Mark II với cảm biến 20MP full-frame, ghi video 4K 60fps, AF nhanh với 1053 điểm, chống rung IBIS 8-stop, thích hợp cho nhiếp ảnh chuyên nghiệp.","Canon EOS R6 Mark II - Professional Mirrorless Camera",55990000,55990000,49990000,15,"Nhật Bản","Máy ảnh số","https://haidangmeta.com/images/canon-eos-r6-mk2.jpg","yes","CANONEOSR6MK2BODY","simple",1,320,4.9,"Canon Professional Store","canon.pro@gmail.com","+84918901234","Canon Pro Vietnam","https://facebook.com/canon.pro.vn","canonpro.vn","https://tiktok.com/@canonpro.vn","canonpro.store","https://instagram.com/canonpro.store","Canon Pro Store","https://youtube.com/@canonprostore","canon.pro@gmail.com","canon.pro@outlook.com","+84918901234","viber://contact?number=%2B84918901234","+84918901234","https://canonpro.vn","Authorized Dealer"
"Apple AirPods Pro Thế Hệ 2 Trắng","AirPods Pro thế hệ 2 với ANC tích cực mạnh, Transparency mode, âm thanh Spatial Audio, sạc không dây MagSafe, Adaptive Audio, độ trễ thấp, tương thích toàn hệ sinh thái Apple.","AirPods Pro 2 - Premium Wireless Earbuds",5990000,5990000,4990000,200,"Hoa Kỳ","Âm thanh","https://haidangmeta.com/images/airpods-pro-2-white.jpg","yes","AIRPODSPRO2GEN2","simple",1,3200,4.8,"Apple Accessories Store","appleaccess@gmail.com","+84919012345","Apple Accessories Vietnam","https://facebook.com/appleaccess.vn","appleaccess.vn","https://tiktok.com/@appleaccess.vn","appleaccess.store","https://instagram.com/appleaccess.store","Apple Access Store","https://youtube.com/@appleaccessstore","appleaccess@gmail.com","appleaccess@outlook.com","+84919012345","viber://contact?number=%2B84919012345","+84919012345","https://appleaccess.vn","Retailer"
"Samsung 55 inch QLED 4K 120Hz Q80C","Tivi Samsung QLED 55 inch 4K 120Hz, công nghệ Quantum Dot, Local Dimming, Multi View, Tizen smart TV, OTS sound, giải pháp giải trí cao cấp cho gia đình.","Samsung 55\" QLED TV - Premium 4K Display",9990000,9990000,8490000,20,"Hàn Quốc","Điện tử gia dụng","https://haidangmeta.com/images/samsung-55-qled.jpg","yes","SAMSUNG55QLEDQ80C","simple",1,450,4.75,"Home Entertainment Store","homeent@gmail.com","+84920123456","Home Entertainment Vietnam","https://facebook.com/homeent.vn","homeent.vn","https://tiktok.com/@homeent.vn","homeent.store","https://instagram.com/homeent.store","Home Entertainment Store","https://youtube.com/@homeentstore","homeent@gmail.com","homeent@outlook.com","+84920123456","viber://contact?number=%2B84920123456","+84920123456","https://homeent.vn","E-commerce"
"Apple Watch Ultra 2 49mm Titan","Apple Watch Ultra 2 với màn hình LTPO OLED 49mm, chip S9, pin 72h, chống nước 100m, cảm biến hành động, giám sát sức khỏe toàn diện, thích hợp cho các vận động viên.","Apple Watch Ultra 2 - Advanced Smartwatch",13990000,13990000,12490000,50,"Hoa Kỳ","Thiết bị đeo","https://haidangmeta.com/images/apple-watch-ultra-2.jpg","yes","APPLEWATCH ULTRA2TITAN","simple",1,680,4.85,"Smart Devices Store","smartdevices@gmail.com","+84921234567","Smart Devices Vietnam","https://facebook.com/smartdevices.vn","smartdevices.vn","https://tiktok.com/@smartdevices.vn","smartdevices.store","https://instagram.com/smartdevices.store","Smart Devices Store","https://youtube.com/@smartdevicesstore","smartdevices@gmail.com","smartdevices@outlook.com","+84921234567","viber://contact?number=%2B84921234567","+84921234567","https://smartdevices.vn","Authorized Seller"
"iMac 24 inch M4 256GB Xanh","iMac 24 inch với chip M4, màn hình Retina 4.5K, 16GB RAM, 256GB SSD, design tương tự, thích hợp cho creative professional, đi kèm Magic Keyboard và Mouse.","iMac 24\" M4 - All-in-One Desktop Computer",26990000,26990000,24990000,18,"Hoa Kỳ","Máy tính để bàn","https://haidangmeta.com/images/imac-24-m4-green.jpg","yes","IMAC24M4256GBGREEN","simple",0,220,4.8,"Creative Workstation Store","creative.ws@gmail.com","+84922345678","Creative Workstation Vietnam","https://facebook.com/creativews.vn","creativews.vn","https://tiktok.com/@creativews.vn","creativews.store","https://instagram.com/creativews.store","Creative Workstation","https://youtube.com/@creativewsstore","creative.ws@gmail.com","creative.ws@outlook.com","+84922345678","viber://contact?number=%2B84922345678","+84922345678","https://creativews.vn","Authorized Dealer"
"PlayStation 5 Slim Console","PlayStation 5 Slim với khoang SSD mở rộng, bộ điều khiển DualSense, hỗ trợ 4K 120fps, thư viện game khổng lồ, tương thích với PS4 games.","PlayStation 5 Slim - Next Gen Gaming Console",12990000,12990000,11490000,35,"Nhật Bản","Trò chơi","https://haidangmeta.com/images/ps5-slim.jpg","yes","PS5SLIMCONSOLE001","simple",1,1950,4.9,"Gaming Paradise Store","gaming.paradise@gmail.com","+84923456789","Gaming Paradise Vietnam","https://facebook.com/gaming.paradise.vn","gamingparadise.vn","https://tiktok.com/@gamingparadise.vn","gaming.paradise.store","https://instagram.com/gaming.paradise.store","Gaming Paradise Store","https://youtube.com/@gamingparadisestore","gaming.paradise@gmail.com","gaming.paradise@outlook.com","+84923456789","viber://contact?number=%2B84923456789","+84923456789","https://gamingparadise.vn","Retailer"
"Xbox Series X","Xbox Series X với chip Zen 2 8-core, GPU custom RDNA 2, SSD 1TB, hỗ trợ 4K 120fps, DirectStorage, Game Pass Ultimate, thích hợp cho gamer cao cấp.","Xbox Series X - Premium Gaming Console",13490000,13490000,12490000,28,"Hoa Kỳ","Trò chơi","https://haidangmeta.com/images/xbox-series-x.jpg","yes","XBOXSERIESX001","simple",1,1560,4.85,"Game Central Store","gamecentral@gmail.com","+84924567890","Game Central Vietnam","https://facebook.com/gamecentral.vn","gamecentral.vn","https://tiktok.com/@gamecentral.vn","gamecentral.store","https://instagram.com/gamecentral.store","Game Central Store","https://youtube.com/@gamecentralstore","gamecentral@gmail.com","gamecentral@outlook.com","+84924567890","viber://contact?number=%2B84924567890","+84924567890","https://gamecentral.vn","E-commerce"
"Máy In Laser Đen Trắng Brother HL-L8360CDW","Máy in laser màu Brother HL-L8360CDW với tốc độ 33ppm, in 2 mặt tự động, kết nối mạng, AirPrint, thích hợp cho văn phòng nhỏ.","Brother HL-L8360CDW - Color Laser Printer",8990000,8990000,7990000,22,"Thái Lan","Thiết bị văn phòng","https://haidangmeta.com/images/brother-hl-l8360cdw.jpg","yes","BROTHERHL8360CDW","simple",1,180,4.7,"Office Solutions Store","office.solutions@gmail.com","+84925678901","Office Solutions Vietnam","https://facebook.com/officesolutions.vn","officesolutions.vn","https://tiktok.com/@officesolutions.vn","officesolutions.store","https://instagram.com/officesolutions.store","Office Solutions Store","https://youtube.com/@officesolutionsstore","office.solutions@gmail.com","office.solutions@outlook.com","+84925678901","viber://contact?number=%2B84925678901","+84925678901","https://officesolutions.vn","B2B Seller"
"Tai Nghe Gaming Corsair Virtuoso RGB Wireless","Tai nghe gaming Corsair Virtuoso RGB Wireless với driver 20mm, wireless 2.4GHz, Bluetooth, mic Omni-directional, hỗ trợ 7.1 surround sound, thích hợp cho esports.","Corsair Virtuoso RGB Wireless - Gaming Headset",3990000,3990000,3490000,80,"Hoa Kỳ","Âm thanh","https://haidangmeta.com/images/corsair-virtuoso-rgb.jpg","yes","CORSAIVIRTRGBWL001","simple",0,890,4.7,"Gaming Gear Store","gaminggear@gmail.com","+84926789012","Gaming Gear Vietnam","https://facebook.com/gaminggear.vn","gaminggear.vn","https://tiktok.com/@gaminggear.vn","gaminggear.store","https://instagram.com/gaminggear.store","Gaming Gear Store","https://youtube.com/@gaminggearstore","gaminggear@gmail.com","gaminggear@outlook.com","+84926789012","viber://contact?number=%2B84926789012","+84926789012","https://gaminggear.vn","Authorized Seller"
"Monitor LG 27 inch UltraWide 1440p 165Hz","Monitor LG 27\" UltraWide IPS 1440p với tần số quét 165Hz, thời gian phản hồi 1ms, kết nối DisplayPort, HDMI, USB-C, thích hợp cho game và design.","LG 27\" UltraWide Monitor - Gaming & Design",4990000,4990000,4490000,45,"Hàn Quốc","Thiết bị văn phòng","https://haidangmeta.com/images/lg-27-ultrawide.jpg","yes","LG27ULTRAWIDE1440P","simple",1,420,4.8,"Display Pro Store","displaypro@gmail.com","+84927890123","Display Pro Vietnam","https://facebook.com/displaypro.vn","displaypro.vn","https://tiktok.com/@displaypro.vn","displaypro.store","https://instagram.com/displaypro.store","Display Pro Store","https://youtube.com/@displayprostore","displaypro@gmail.com","displaypro@outlook.com","+84927890123","viber://contact?number=%2B84927890123","+84927890123","https://displaypro.vn","Retailer"
"Bàn Phím Cơ Razer DeathStalker V2 RGB","Bàn phím cơ Razer DeathStalker V2 Pro với switch Razer Green, RGB lighting, kết nối wireless 2.4GHz hoặc Bluetooth, khung nhôm, thích hợp cho gamer và lập trình viên.","Razer DeathStalker V2 Pro - Mechanical Keyboard",2990000,2990000,2690000,100,"Hoa Kỳ","Phụ kiện máy tính","https://haidangmeta.com/images/razer-deathstalker-v2.jpg","yes","RAZERDEATHSTALKERV2","simple",1,650,4.75,"Keyboard Specialist Store","keyboard.specialist@gmail.com","+84928901234","Keyboard Specialist Vietnam","https://facebook.com/keyboard.specialist.vn","keyboardspecialist.vn","https://tiktok.com/@keyboardspecialist.vn","keyboard.specialist.store","https://instagram.com/keyboard.specialist.store","Keyboard Specialist","https://youtube.com/@keyboardspecialiststore","keyboard.specialist@gmail.com","keyboard.specialist@outlook.com","+84928901234","viber://contact?number=%2B84928901234","+84928901234","https://keyboardspecialist.vn","Specialized Retailer"
"Chuột Gaming Logitech G Pro X Superlight 2","Chuột gaming Logitech G Pro X Superlight 2 với trọng lượng chỉ 63g, DPI cao, wireless 2.4GHz, pin 70h, sensor HERO 25K, thích hợp cho esports.","Logitech G Pro X Superlight 2 - Lightweight Gaming Mouse",1990000,1990000,1790000,150,"Hoa Kỳ","Phụ kiện máy tính","https://haidangmeta.com/images/logitech-g-pro-x-sl2.jpg","yes","LOGITECHGPROXSL2","simple",1,1200,4.85,"Mouse Pro Store","mousepro@gmail.com","+84929012345","Mouse Pro Vietnam","https://facebook.com/mousepro.vn","mousepro.vn","https://tiktok.com/@mousepro.vn","mousepro.store","https://instagram.com/mousepro.store","Mouse Pro Store","https://youtube.com/@mouseprostore","mousepro@gmail.com","mousepro@outlook.com","+84929012345","viber://contact?number=%2B84929012345","+84929012345","https://mousepro.vn","Authorized Dealer"
"Ổ Cứng Ngoài Seagate Backup Plus 2TB","Ổ cứng ngoài Seagate Backup Plus 2TB với tốc độ 160MB/s, kết nối USB 3.0, tương thích Windows/Mac, bảo mật mật khẩu, thích hợp cho backup dữ liệu.","Seagate Backup Plus 2TB - External Hard Drive",1590000,1590000,1390000,200,"Mỹ","Lưu trữ dữ liệu","https://haidangmeta.com/images/seagate-backup-plus-2tb.jpg","yes","SEAGATEBACKUP2TB","simple",1,340,4.7,"Storage Solutions Store","storage.solutions@gmail.com","+84930123456","Storage Solutions Vietnam","https://facebook.com/storage.solutions.vn","storagesolutions.vn","https://tiktok.com/@storagesolutions.vn","storage.solutions.store","https://instagram.com/storage.solutions.store","Storage Solutions","https://youtube.com/@storagesolutionsstore","storage.solutions@gmail.com","storage.solutions@outlook.com","+84930123456","viber://contact?number=%2B84930123456","+84930123456","https://storagesolutions.vn","Wholesaler"
