name,description,short_description,price,regular_price,sale_price,stock,country,category,image_url,is_active,sku,type,on_sale,views,rating
"iPhone 15 Pro Max","Apple iPhone 15 Pro Max với chip A17 Pro, camera 48MP, màn hình Super Retina XDR. Thiết bị cao cấp với hiệu suất tối ưu.","iPhone 15 Pro Max - Flagship Apple",29990000,29990000,25990000,45,"Mỹ","Điện thoại","https://example.com/iphone-15-pro.jpg","yes","IPHONE15PRO001","simple",1,1250,4.8
"Samsung Galaxy S24","Điện thoại Samsung Galaxy S24 với màn hình Dynamic AMOLED 120Hz, chip Snapdragon 8 Gen 3. Performance đỉnh cao.","Samsung Galaxy S24 - Flagship 2024",22990000,22990000,19990000,60,"Hàn Quốc","Điện thoại","https://example.com/samsung-s24.jpg","yes","SAMSUNG24001","variable",1,980,4.7
"MacBook Pro 14 M4","Laptop Apple MacBook Pro 14 inch với chip M4 Max, 16GB RAM, 512GB SSD. Hiệu suất chuyên nghiệp cho content creator.","MacBook Pro 14 M4 - Professional Laptop",45990000,45990000,42990000,25,"Mỹ","Laptop","https://example.com/macbook-pro-m4.jpg","yes","MACBOOKPRO14M4","simple",1,580,4.9
"Sony WH-1000XM5","Tai nghe chống ôn Sony WH-1000XM5 với ANC tốt nhất, pin 30h, âm thanh Hi-Res Audio. Cho audiophile.","Sony WH-1000XM5 - Premium Headphones",6990000,6990000,5990000,120,"Nhật Bản","Âm thanh","https://example.com/sony-headphones.jpg","yes","SONYXM5001","simple",1,2100,4.85
"iPad Air M2","iPad Air 11 inch với chip M2, màn hình Liquid Retina, hỗ trợ Apple Pencil Pro. Tablet cao cấp đa dụng.","iPad Air M2 - Powerful Tablet",14990000,14990000,13490000,40,"Mỹ","Tablet","https://example.com/ipad-air-m2.jpg","yes","IPADAIR2001","simple",0,750,4.75
"Dell XPS 15","Laptop Dell XPS 15 với chip Intel Core i9, RTX 4080, màn hình 4K OLED. Cho designer và developer.","Dell XPS 15 - Creative Laptop",35990000,35990000,32990000,30,"Mỹ","Laptop","https://example.com/dell-xps-15.jpg","yes","DELLXPS15001","simple",1,420,4.82
"Google Pixel 9 Pro","Google Pixel 9 Pro với camera AI terbanh, chip Tensor G4, màn hình OLED 120Hz. Chuyên AI photography.","Google Pixel 9 Pro - AI Camera Phone",18990000,18990000,16990000,75,"Mỹ","Điện thoại","https://example.com/pixel-9-pro.jpg","yes","PIXEL9PRO001","simple",1,1680,4.7
"Canon EOS R6 Mark II","Máy ảnh mirrorless Canon EOS R6 Mark II, 20MP, 4K 60fps, AF nhanh. Cho nhiếp ảnh chuyên nghiệp.","Canon EOS R6 Mark II - Professional Camera",55990000,55990000,49990000,15,"Nhật Bản","Camera","https://example.com/canon-r6.jpg","yes","CANONR6MK2001","simple",1,320,4.9
"Apple AirPods Pro 2","AirPods Pro thế hệ 2 với ANC tích cực, Transparency mode, âm thanh Spatial Audio, sạc không dây.","AirPods Pro 2 - Premium Earbuds",5990000,5990000,4990000,200,"Mỹ","Âm thanh","https://example.com/airpods-pro-2.jpg","yes","AIRPODS2001","simple",1,3200,4.8
"Samsung 55-inch QLED TV","Samsung QLED 55 inch 4K, 120Hz, Quantum Dot, Multi View. Tivi cao cấp cho giải trí.","Samsung 55\" QLED TV - Premium Display",9990000,9990000,8490000,20,"Hàn Quốc","Điện tử","https://example.com/samsung-tv.jpg","yes","SAMSUNGTV55001","simple",1,450,4.75
