name,description,price,stock,country,category,image_url,is_active,sku,type,regular_price,sale_price,short_description
"Sản phẩm mẫu 1","Đây là mô tả chi tiết sản phẩm 1",100000,50,"Việt Nam","Điện tử","https://example.com/image1.jpg","yes","SKU001","simple",100000,80000,"Mô tả ngắn"
"Sản phẩm mẫu 2","Đây là mô tả chi tiết sản phẩm 2",250000,30,"Việt Nam","Công nghệ","https://example.com/image2.jpg","yes","SKU002","simple",250000,200000,"Mô tả ngắn"
"Sản phẩm mẫu 3","Đây là mô tả chi tiết sản phẩm 3",500000,10,"Việt Nam","Điện tử","https://example.com/image3.jpg","yes","SKU003","variable",500000,400000,"Mô tả ngắn"
"Sản phẩm mẫu 4","Đây là mô tả chi tiết sản phẩm 4",75000,100,"Việt Nam","Khác","https://example.com/image4.jpg","yes","SKU004","simple",75000,60000,"Mô tả ngắn"
